Designator,Footprint,Comment
"K15,K27,K25,K23,K20,K22,K21,K19,K16,K12,K11,K14,K13,K28,K26,K18,K4,K10,K8,K7,K3,K2,K1,K9,K6,K5,K17-1,K104,K103,K85,K86,K83,K81,K80,K77,K76,K74,K73,K72,K71,K67,K56,K46,K44,K35,K43,K40,K70,K60,K65,K48,K53,K34,K50,K49,K47,K69,K64,K36,K39,K33,K30,K82,K61,K55,K51,K75,K32,K62,K52,K31,K68,K58,K54,K41,K29,K42,K63-1,K102-1",ALPS-1U,KEYSW
"K24,K101,K89,K87,K38,K98",ALPS-1.5U,KEYSW
"K17,K105,K102,K63,K59-1",ALPS-2U,KEYSW
"K66-1,K45-1",ALPS-1.25U,KEYSW
K94,ALPS-7U,KEYSW
K79,ALPS-2.75U,KEYSW
"K59,K66",ALPS-2.25U,KEYSW
"K45,K79-1",ALPS-1.75U,KEYSW
"L1,L2,L3",LED_D3.0mm,LED
LS1,Buzzer_12x9.5RM7.6,Speaker
"D44,D43,D23,D22,D85,D65,D86,D64,D1,D2,D3,D4,D5,D6,D11,D12,D18,D19,D21,D24,D25,D26,D27,D32,D33,D39,D41,D42,D45,D46,D47,D48,D53,D54,D60,D61,D62,D63,D66,D67,D68,D69,D74,D75,D82,D83,D87,D89,D102,D104,D105,D20,D17,D16,D15,D101,D80,D59,D79,D58,D36,D38,D14,D77,D76,D56,D98,D35,D34,D81,D103,D40,D13,D55,D71,D70,D73,D94,D72,D10,D9,D7,D8,D31,D49,D50,D51,D30,D29,D28,D52",D_SOD-323F,D
"RL1,RL2,RL3",R_0805,300 Ohm
U1,Teensy2.0,Teensy2.0_(Arduino)
